,price,meters,city,district,floor
0,360185,90.0,0,12,2
1,2850000,128.0,2,1,1
2,669000,40.78,1,10,3
3,414000,34.65,0,4,1
4,537365,62.85,0,11,1
5,489000,30.0,0,6,1
6,699840,64.8,0,11,3
7,748548,69.31,0,11,3
8,589000,41.7,0,9,4
9,1023360,39.36,0,13,3
10,949620,37.24,0,13,0
11,595000,45.0,0,9,3
12,848962,71.15,1,0,4
13,360185,90.0,0,12,2
14,2850000,128.0,2,1,1
15,669000,40.78,1,10,3
16,414000,34.65,0,4,1
17,537365,62.85,0,11,1
18,489000,30.0,0,6,1
19,699840,64.8,0,11,3
20,748548,69.31,0,11,3
21,589000,41.7,0,9,4
22,1023360,39.36,0,13,3
23,949620,37.24,0,13,0
24,595000,45.0,0,9,3
25,360185,90.0,0,12,2
26,2850000,128.0,2,1,1
27,669000,40.78,1,10,3
28,414000,34.65,0,4,1
29,537365,62.85,0,11,1
30,489000,30.0,0,6,1
31,699840,64.8,0,11,3
32,748548,69.31,0,11,3
33,589000,41.7,0,9,4
34,1023360,39.36,0,13,3
35,949620,37.24,0,13,0
36,595000,45.0,0,9,3
37,439000,43.11,0,12,0
38,379343,25.85,0,13,3
39,360185,90.0,0,12,2
40,2850000,128.0,2,1,1
41,669000,40.78,1,10,3
42,414000,34.65,0,4,1
43,537365,62.85,0,11,1
44,489000,30.0,0,6,1
45,699840,64.8,0,11,3
46,748548,69.31,0,11,3
47,589000,41.7,0,9,4
48,1023360,39.36,0,13,3
49,949620,37.24,0,13,0
50,595000,45.0,0,9,3
51,360185,90.0,0,12,2
52,2850000,128.0,2,1,1
53,669000,40.78,1,10,3
54,414000,34.65,0,4,1
55,537365,62.85,0,11,1
56,489000,30.0,0,6,1
57,699840,64.8,0,11,3
58,748548,69.31,0,11,3
59,589000,41.7,0,9,4
60,1023360,39.36,0,13,3
61,949620,37.24,0,13,0
62,595000,45.0,0,9,3
63,439000,43.11,0,12,0
64,360185,90.0,0,12,2
65,2850000,128.0,2,1,1
66,669000,40.78,1,10,3
67,414000,34.65,0,4,1
68,537365,62.85,0,11,1
69,489000,30.0,0,6,1
70,699840,64.8,0,11,3
71,748548,69.31,0,11,3
72,589000,41.7,0,9,4
73,1023360,39.36,0,13,3
74,949620,37.24,0,13,0
75,595000,45.0,0,9,3
76,360185,90.0,0,12,2
77,2850000,128.0,2,1,1
78,669000,40.78,1,10,3
79,414000,34.65,0,4,1
80,537365,62.85,0,11,1
81,489000,30.0,0,6,1
82,699840,64.8,0,11,3
83,748548,69.31,0,11,3
84,589000,41.7,0,9,4
85,1023360,39.36,0,13,3
86,949620,37.24,0,13,0
87,595000,45.0,0,9,3
88,2550000,82.03,2,3,2
89,360185,90.0,0,12,2
90,2850000,128.0,2,1,1
91,669000,40.78,1,10,3
92,414000,34.65,0,4,1
93,537365,62.85,0,11,1
94,489000,30.0,0,6,1
95,699840,64.8,0,11,3
96,748548,69.31,0,11,3
97,589000,41.7,0,9,4
98,1023360,39.36,0,13,3
99,949620,37.24,0,13,0
100,595000,45.0,0,9,3
101,890000,89.9,1,2,3
102,360185,90.0,0,12,2
103,2850000,128.0,2,1,1
104,669000,40.78,1,10,3
105,414000,34.65,0,4,1
106,537365,62.85,0,11,1
107,489000,30.0,0,6,1
108,699840,64.8,0,11,3
109,748548,69.31,0,11,3
110,589000,41.7,0,9,4
111,1023360,39.36,0,13,3
112,949620,37.24,0,13,0
113,595000,45.0,0,9,3
114,360185,90.0,0,12,2
115,2850000,128.0,2,1,1
116,669000,40.78,1,10,3
117,414000,34.65,0,4,1
118,537365,62.85,0,11,1
119,489000,30.0,0,6,1
120,699840,64.8,0,11,3
121,748548,69.31,0,11,3
122,589000,41.7,0,9,4
123,1023360,39.36,0,13,3
124,949620,37.24,0,13,0
125,595000,45.0,0,9,3
126,890000,89.9,1,2,3
127,360185,90.0,0,12,2
128,2850000,128.0,2,1,1
129,669000,40.78,1,10,3
130,414000,34.65,0,4,1
131,537365,62.85,0,11,1
132,489000,30.0,0,6,1
133,699840,64.8,0,11,3
134,748548,69.31,0,11,3
135,589000,41.7,0,9,4
136,1023360,39.36,0,13,3
137,949620,37.24,0,13,0
138,595000,45.0,0,9,3
139,360185,90.0,0,12,2
140,2850000,128.0,2,1,1
141,669000,40.78,1,10,3
142,414000,34.65,0,4,1
143,537365,62.85,0,11,1
144,489000,30.0,0,6,1
145,699840,64.8,0,11,3
146,748548,69.31,0,11,3
147,589000,41.7,0,9,4
148,1023360,39.36,0,13,3
149,949620,37.24,0,13,0
150,595000,45.0,0,9,3
151,360185,90.0,0,12,2
152,2850000,128.0,2,1,1
153,669000,40.78,1,10,3
154,414000,34.65,0,4,1
155,537365,62.85,0,11,1
156,489000,30.0,0,6,1
157,699840,64.8,0,11,3
158,748548,69.31,0,11,3
159,589000,41.7,0,9,4
160,1023360,39.36,0,13,3
161,949620,37.24,0,13,0
162,595000,45.0,0,9,3
163,360185,90.0,0,12,2
164,2850000,128.0,2,1,1
165,669000,40.78,1,10,3
166,414000,34.65,0,4,1
167,537365,62.85,0,11,1
168,489000,30.0,0,6,1
169,699840,64.8,0,11,3
170,748548,69.31,0,11,3
171,589000,41.7,0,9,4
172,1023360,39.36,0,13,3
173,949620,37.24,0,13,0
174,595000,45.0,0,9,3
175,526713,40.72,1,0,6
176,360185,90.0,0,12,2
177,2850000,128.0,2,1,1
178,669000,40.78,1,10,3
179,414000,34.65,0,4,1
180,537365,62.85,0,11,1
181,489000,30.0,0,6,1
182,699840,64.8,0,11,3
183,748548,69.31,0,11,3
184,589000,41.7,0,9,4
185,1023360,39.36,0,13,3
186,949620,37.24,0,13,0
187,595000,45.0,0,9,3
188,360185,90.0,0,12,2
189,2850000,128.0,2,1,1
190,669000,40.78,1,10,3
191,414000,34.65,0,4,1
192,537365,62.85,0,11,1
193,489000,30.0,0,6,1
194,699840,64.8,0,11,3
195,748548,69.31,0,11,3
196,589000,41.7,0,9,4
197,1023360,39.36,0,13,3
198,949620,37.24,0,13,0
199,595000,45.0,0,9,3
200,848962,71.15,1,0,4
201,360185,90.0,0,12,2
202,2850000,128.0,2,1,1
203,669000,40.78,1,10,3
204,414000,34.65,0,4,1
205,537365,62.85,0,11,1
206,489000,30.0,0,6,1
207,699840,64.8,0,11,3
208,748548,69.31,0,11,3
209,589000,41.7,0,9,4
210,1023360,39.36,0,13,3
211,949620,37.24,0,13,0
212,595000,45.0,0,9,3
213,360185,90.0,0,12,2
214,2850000,128.0,2,1,1
215,669000,40.78,1,10,3
216,414000,34.65,0,4,1
217,537365,62.85,0,11,1
218,489000,30.0,0,6,1
219,699840,64.8,0,11,3
220,748548,69.31,0,11,3
221,589000,41.7,0,9,4
222,1023360,39.36,0,13,3
223,949620,37.24,0,13,0
224,595000,45.0,0,9,3
225,545409,46.1,1,0,5
226,360185,90.0,0,12,2
227,2850000,128.0,2,1,1
228,669000,40.78,1,10,3
229,414000,34.65,0,4,1
230,537365,62.85,0,11,1
231,489000,30.0,0,6,1
232,699840,64.8,0,11,3
233,748548,69.31,0,11,3
234,589000,41.7,0,9,4
235,1023360,39.36,0,13,3
236,949620,37.24,0,13,0
237,595000,45.0,0,9,3
238,360185,90.0,0,12,2
239,2850000,128.0,2,1,1
240,669000,40.78,1,10,3
241,414000,34.65,0,4,1
242,537365,62.85,0,11,1
243,489000,30.0,0,6,1
244,699840,64.8,0,11,3
245,748548,69.31,0,11,3
246,589000,41.7,0,9,4
247,1023360,39.36,0,13,3
248,949620,37.24,0,13,0
249,595000,45.0,0,9,3
250,360185,90.0,0,12,2
251,2850000,128.0,2,1,1
252,669000,40.78,1,10,3
253,414000,34.65,0,4,1
254,537365,62.85,0,11,1
255,489000,30.0,0,6,1
256,699840,64.8,0,11,3
257,748548,69.31,0,11,3
258,589000,41.7,0,9,4
259,1023360,39.36,0,13,3
260,949620,37.24,0,13,0
261,595000,45.0,0,9,3
262,360185,90.0,0,12,2
263,2850000,128.0,2,1,1
264,669000,40.78,1,10,3
265,414000,34.65,0,4,1
266,537365,62.85,0,11,1
267,489000,30.0,0,6,1
268,699840,64.8,0,11,3
269,748548,69.31,0,11,3
270,589000,41.7,0,9,4
271,1023360,39.36,0,13,3
272,949620,37.24,0,13,0
273,595000,45.0,0,9,3
274,360185,90.0,0,12,2
275,2850000,128.0,2,1,1
276,669000,40.78,1,10,3
277,414000,34.65,0,4,1
278,537365,62.85,0,11,1
279,489000,30.0,0,6,1
280,699840,64.8,0,11,3
281,748548,69.31,0,11,3
282,589000,41.7,0,9,4
283,1023360,39.36,0,13,3
284,949620,37.24,0,13,0
285,595000,45.0,0,9,3
286,360185,90.0,0,12,2
287,2850000,128.0,2,1,1
288,669000,40.78,1,10,3
289,414000,34.65,0,4,1
290,537365,62.85,0,11,1
291,489000,30.0,0,6,1
292,699840,64.8,0,11,3
293,748548,69.31,0,11,3
294,589000,41.7,0,9,4
295,1023360,39.36,0,13,3
296,949620,37.24,0,13,0
297,595000,45.0,0,9,3
298,2999000,88.0,0,13,6
299,541148,45.86,1,0,5
300,360185,90.0,0,12,2
301,2850000,128.0,2,1,1
302,669000,40.78,1,10,3
303,414000,34.65,0,4,1
304,537365,62.85,0,11,1
305,489000,30.0,0,6,1
306,699840,64.8,0,11,3
307,748548,69.31,0,11,3
308,589000,41.7,0,9,4
309,1023360,39.36,0,13,3
310,949620,37.24,0,13,0
311,595000,45.0,0,9,3
312,360185,90.0,0,12,2
313,2850000,128.0,2,1,1
314,669000,40.78,1,10,3
315,414000,34.65,0,4,1
316,537365,62.85,0,11,1
317,489000,30.0,0,6,1
318,699840,64.8,0,11,3
319,748548,69.31,0,11,3
320,589000,41.7,0,9,4
321,1023360,39.36,0,13,3
322,949620,37.24,0,13,0
323,595000,45.0,0,9,3
324,360185,90.0,0,12,2
325,2850000,128.0,2,1,1
326,669000,40.78,1,10,3
327,414000,34.65,0,4,1
328,537365,62.85,0,11,1
329,489000,30.0,0,6,1
330,699840,64.8,0,11,3
331,748548,69.31,0,11,3
332,589000,41.7,0,9,4
333,1023360,39.36,0,13,3
334,949620,37.24,0,13,0
335,595000,45.0,0,9,3
336,360185,90.0,0,12,2
337,2850000,128.0,2,1,1
338,669000,40.78,1,10,3
339,414000,34.65,0,4,1
340,537365,62.85,0,11,1
341,489000,30.0,0,6,1
342,699840,64.8,0,11,3
343,748548,69.31,0,11,3
344,589000,41.7,0,9,4
345,1023360,39.36,0,13,3
346,949620,37.24,0,13,0
347,595000,45.0,0,9,3
348,360185,90.0,0,12,2
349,2850000,128.0,2,1,1
350,669000,40.78,1,10,3
351,414000,34.65,0,4,1
352,537365,62.85,0,11,1
353,489000,30.0,0,6,1
354,699840,64.8,0,11,3
355,748548,69.31,0,11,3
356,589000,41.7,0,9,4
357,1023360,39.36,0,13,3
358,949620,37.24,0,13,0
359,595000,45.0,0,9,3
360,360185,90.0,0,12,2
361,2850000,128.0,2,1,1
362,669000,40.78,1,10,3
363,414000,34.65,0,4,1
364,537365,62.85,0,11,1
365,489000,30.0,0,6,1
366,699840,64.8,0,11,3
367,748548,69.31,0,11,3
368,589000,41.7,0,9,4
369,1023360,39.36,0,13,3
370,949620,37.24,0,13,0
371,595000,45.0,0,9,3
372,379343,25.85,0,13,3
373,360185,90.0,0,12,2
374,2850000,128.0,2,1,1
375,669000,40.78,1,10,3
376,414000,34.65,0,4,1
377,537365,62.85,0,11,1
378,489000,30.0,0,6,1
379,699840,64.8,0,11,3
380,748548,69.31,0,11,3
381,589000,41.7,0,9,4
382,1023360,39.36,0,13,3
383,949620,37.24,0,13,0
384,595000,45.0,0,9,3
385,1725230,82.66,0,13,0
386,360185,90.0,0,12,2
387,2850000,128.0,2,1,1
388,669000,40.78,1,10,3
389,414000,34.65,0,4,1
390,537365,62.85,0,11,1
391,489000,30.0,0,6,1
392,699840,64.8,0,11,3
393,748548,69.31,0,11,3
394,589000,41.7,0,9,4
395,1023360,39.36,0,13,3
396,949620,37.24,0,13,0
397,595000,45.0,0,9,3
398,360185,90.0,0,12,2
399,2850000,128.0,2,1,1
400,669000,40.78,1,10,3
401,414000,34.65,0,4,1
402,537365,62.85,0,11,1
403,489000,30.0,0,6,1
404,699840,64.8,0,11,3
405,748548,69.31,0,11,3
406,589000,41.7,0,9,4
407,1023360,39.36,0,13,3
408,949620,37.24,0,13,0
409,595000,45.0,0,9,3
410,575000,59.8,0,4,4
411,379343,25.85,0,13,3
412,360185,90.0,0,12,2
413,2850000,128.0,2,1,1
414,669000,40.78,1,10,3
415,414000,34.65,0,4,1
416,537365,62.85,0,11,1
417,489000,30.0,0,6,1
418,699840,64.8,0,11,3
419,748548,69.31,0,11,3
420,589000,41.7,0,9,4
421,1023360,39.36,0,13,3
422,949620,37.24,0,13,0
423,595000,45.0,0,9,3
424,499980,56.5,0,11,1
425,360185,90.0,0,12,2
426,2850000,128.0,2,1,1
427,669000,40.78,1,10,3
428,414000,34.65,0,4,1
429,537365,62.85,0,11,1
430,489000,30.0,0,6,1
431,699840,64.8,0,11,3
432,748548,69.31,0,11,3
433,589000,41.7,0,9,4
434,1023360,39.36,0,13,3
435,949620,37.24,0,13,0
436,595000,45.0,0,9,3
437,949000,66.35,0,13,4
438,360185,90.0,0,12,2
439,2850000,128.0,2,1,1
440,669000,40.78,1,10,3
441,414000,34.65,0,4,1
442,537365,62.85,0,11,1
443,489000,30.0,0,6,1
444,699840,64.8,0,11,3
445,748548,69.31,0,11,3
446,589000,41.7,0,9,4
447,1023360,39.36,0,13,3
448,949620,37.24,0,13,0
449,595000,45.0,0,9,3
450,499980,56.5,0,11,1
451,360185,90.0,0,12,2
452,2850000,128.0,2,1,1
453,669000,40.78,1,10,3
454,414000,34.65,0,4,1
455,537365,62.85,0,11,1
456,489000,30.0,0,6,1
457,699840,64.8,0,11,3
458,748548,69.31,0,11,3
459,589000,41.7,0,9,4
460,1023360,39.36,0,13,3
461,949620,37.24,0,13,0
462,595000,45.0,0,9,3
463,2999000,88.0,0,13,6
464,2550000,82.03,2,3,2
465,360185,90.0,0,12,2
466,2850000,128.0,2,1,1
467,669000,40.78,1,10,3
468,414000,34.65,0,4,1
469,537365,62.85,0,11,1
470,489000,30.0,0,6,1
471,699840,64.8,0,11,3
472,748548,69.31,0,11,3
473,589000,41.7,0,9,4
474,1023360,39.36,0,13,3
475,949620,37.24,0,13,0
476,595000,45.0,0,9,3
477,1399000,92.0,1,5,0
478,360185,90.0,0,12,2
479,2850000,128.0,2,1,1
480,669000,40.78,1,10,3
481,414000,34.65,0,4,1
482,537365,62.85,0,11,1
483,489000,30.0,0,6,1
484,699840,64.8,0,11,3
485,748548,69.31,0,11,3
486,589000,41.7,0,9,4
487,1023360,39.36,0,13,3
488,949620,37.24,0,13,0
489,595000,45.0,0,9,3
490,3076920,139.86,0,13,2
491,439000,43.11,0,12,0
492,360185,90.0,0,12,2
493,2850000,128.0,2,1,1
494,669000,40.78,1,10,3
495,414000,34.65,0,4,1
496,537365,62.85,0,11,1
497,489000,30.0,0,6,1
498,699840,64.8,0,11,3
499,748548,69.31,0,11,3
500,589000,41.7,0,9,4
501,1023360,39.36,0,13,3
502,949620,37.24,0,13,0
503,595000,45.0,0,9,3
504,2550000,82.03,2,3,2
505,360185,90.0,0,12,2
506,2850000,128.0,2,1,1
507,669000,40.78,1,10,3
508,414000,34.65,0,4,1
509,537365,62.85,0,11,1
510,489000,30.0,0,6,1
511,699840,64.8,0,11,3
512,748548,69.31,0,11,3
513,589000,41.7,0,9,4
514,1023360,39.36,0,13,3
515,949620,37.24,0,13,0
516,595000,45.0,0,9,3
517,360185,90.0,0,12,2
518,2850000,128.0,2,1,1
519,669000,40.78,1,10,3
520,414000,34.65,0,4,1
521,537365,62.85,0,11,1
522,489000,30.0,0,6,1
523,699840,64.8,0,11,3
524,748548,69.31,0,11,3
525,589000,41.7,0,9,4
526,1023360,39.36,0,13,3
527,949620,37.24,0,13,0
528,595000,45.0,0,9,3
529,545409,46.1,1,0,5
530,360185,90.0,0,12,2
531,2850000,128.0,2,1,1
532,669000,40.78,1,10,3
533,414000,34.65,0,4,1
534,537365,62.85,0,11,1
535,489000,30.0,0,6,1
536,699840,64.8,0,11,3
537,748548,69.31,0,11,3
538,589000,41.7,0,9,4
539,1023360,39.36,0,13,3
540,949620,37.24,0,13,0
541,595000,45.0,0,9,3
542,360185,90.0,0,12,2
543,2850000,128.0,2,1,1
544,669000,40.78,1,10,3
545,414000,34.65,0,4,1
546,537365,62.85,0,11,1
547,489000,30.0,0,6,1
548,699840,64.8,0,11,3
549,748548,69.31,0,11,3
550,589000,41.7,0,9,4
551,1023360,39.36,0,13,3
552,949620,37.24,0,13,0
553,595000,45.0,0,9,3
554,360185,90.0,0,12,2
555,2850000,128.0,2,1,1
556,669000,40.78,1,10,3
557,414000,34.65,0,4,1
558,537365,62.85,0,11,1
559,489000,30.0,0,6,1
560,699840,64.8,0,11,3
561,748548,69.31,0,11,3
562,589000,41.7,0,9,4
563,1023360,39.36,0,13,3
564,949620,37.24,0,13,0
565,595000,45.0,0,9,3
566,848962,71.15,1,0,4
567,360185,90.0,0,12,2
568,2850000,128.0,2,1,1
569,669000,40.78,1,10,3
570,414000,34.65,0,4,1
571,537365,62.85,0,11,1
572,489000,30.0,0,6,1
573,699840,64.8,0,11,3
574,748548,69.31,0,11,3
575,589000,41.7,0,9,4
576,1023360,39.36,0,13,3
577,949620,37.24,0,13,0
578,595000,45.0,0,9,3
579,584987,51.18,1,0,3
580,439000,43.11,0,12,0
581,360185,90.0,0,12,2
582,2850000,128.0,2,1,1
583,669000,40.78,1,10,3
584,414000,34.65,0,4,1
585,537365,62.85,0,11,1
586,489000,30.0,0,6,1
587,699840,64.8,0,11,3
588,748548,69.31,0,11,3
589,589000,41.7,0,9,4
590,1023360,39.36,0,13,3
591,949620,37.24,0,13,0
592,595000,45.0,0,9,3
593,360185,90.0,0,12,2
594,2850000,128.0,2,1,1
595,669000,40.78,1,10,3
596,414000,34.65,0,4,1
597,537365,62.85,0,11,1
598,489000,30.0,0,6,1
599,699840,64.8,0,11,3
600,748548,69.31,0,11,3
601,589000,41.7,0,9,4
602,1023360,39.36,0,13,3
603,949620,37.24,0,13,0
604,595000,45.0,0,9,3
605,1399000,92.0,1,5,0
606,549000,55.0,1,0,4
607,360185,90.0,0,12,2
608,2850000,128.0,2,1,1
609,669000,40.78,1,10,3
610,414000,34.65,0,4,1
611,537365,62.85,0,11,1
612,489000,30.0,0,6,1
613,699840,64.8,0,11,3
614,748548,69.31,0,11,3
615,589000,41.7,0,9,4
616,1023360,39.36,0,13,3
617,949620,37.24,0,13,0
618,595000,45.0,0,9,3
619,2550000,82.03,2,3,2
620,890000,51.28,0,8,1
621,360185,90.0,0,12,2
622,2850000,128.0,2,1,1
623,669000,40.78,1,10,3
624,414000,34.65,0,4,1
625,537365,62.85,0,11,1
626,489000,30.0,0,6,1
627,699840,64.8,0,11,3
628,748548,69.31,0,11,3
629,589000,41.7,0,9,4
630,1023360,39.36,0,13,3
631,949620,37.24,0,13,0
632,595000,45.0,0,9,3
633,360185,90.0,0,12,2
634,2850000,128.0,2,1,1
635,669000,40.78,1,10,3
636,414000,34.65,0,4,1
637,537365,62.85,0,11,1
638,489000,30.0,0,6,1
639,699840,64.8,0,11,3
640,748548,69.31,0,11,3
641,589000,41.7,0,9,4
642,1023360,39.36,0,13,3
643,949620,37.24,0,13,0
644,595000,45.0,0,9,3
645,848962,71.15,1,0,4
646,360185,90.0,0,12,2
647,2850000,128.0,2,1,1
648,669000,40.78,1,10,3
649,414000,34.65,0,4,1
650,537365,62.85,0,11,1
651,489000,30.0,0,6,1
652,699840,64.8,0,11,3
653,748548,69.31,0,11,3
654,589000,41.7,0,9,4
655,1023360,39.36,0,13,3
656,949620,37.24,0,13,0
657,595000,45.0,0,9,3
658,360185,90.0,0,12,2
659,2850000,128.0,2,1,1
660,669000,40.78,1,10,3
661,414000,34.65,0,4,1
662,537365,62.85,0,11,1
663,489000,30.0,0,6,1
664,699840,64.8,0,11,3
665,748548,69.31,0,11,3
666,589000,41.7,0,9,4
667,1023360,39.36,0,13,3
668,949620,37.24,0,13,0
669,595000,45.0,0,9,3
670,360185,90.0,0,12,2
671,2850000,128.0,2,1,1
672,669000,40.78,1,10,3
673,414000,34.65,0,4,1
674,537365,62.85,0,11,1
675,489000,30.0,0,6,1
676,699840,64.8,0,11,3
677,748548,69.31,0,11,3
678,589000,41.7,0,9,4
679,1023360,39.36,0,13,3
680,949620,37.24,0,13,0
681,595000,45.0,0,9,3
682,2999000,88.0,0,13,6
683,360185,90.0,0,12,2
684,2850000,128.0,2,1,1
685,669000,40.78,1,10,3
686,414000,34.65,0,4,1
687,537365,62.85,0,11,1
688,489000,30.0,0,6,1
689,699840,64.8,0,11,3
690,748548,69.31,0,11,3
691,589000,41.7,0,9,4
692,1023360,39.36,0,13,3
693,949620,37.24,0,13,0
694,595000,45.0,0,9,3
695,360185,90.0,0,12,2
696,2850000,128.0,2,1,1
697,669000,40.78,1,10,3
698,414000,34.65,0,4,1
699,537365,62.85,0,11,1
700,489000,30.0,0,6,1
701,699840,64.8,0,11,3
702,748548,69.31,0,11,3
703,589000,41.7,0,9,4
704,1023360,39.36,0,13,3
705,949620,37.24,0,13,0
706,595000,45.0,0,9,3
707,3076920,139.86,0,13,2
708,575000,59.8,0,4,4
709,360185,90.0,0,12,2
710,2850000,128.0,2,1,1
711,669000,40.78,1,10,3
712,414000,34.65,0,4,1
713,537365,62.85,0,11,1
714,489000,30.0,0,6,1
715,699840,64.8,0,11,3
716,748548,69.31,0,11,3
717,589000,41.7,0,9,4
718,1023360,39.36,0,13,3
719,949620,37.24,0,13,0
720,595000,45.0,0,9,3
721,360185,90.0,0,12,2
722,2850000,128.0,2,1,1
723,669000,40.78,1,10,3
724,414000,34.65,0,4,1
725,537365,62.85,0,11,1
726,489000,30.0,0,6,1
727,699840,64.8,0,11,3
728,748548,69.31,0,11,3
729,589000,41.7,0,9,4
730,1023360,39.36,0,13,3
731,949620,37.24,0,13,0
732,595000,45.0,0,9,3
733,360185,90.0,0,12,2
734,2850000,128.0,2,1,1
735,669000,40.78,1,10,3
736,414000,34.65,0,4,1
737,537365,62.85,0,11,1
738,489000,30.0,0,6,1
739,699840,64.8,0,11,3
740,748548,69.31,0,11,3
741,589000,41.7,0,9,4
742,1023360,39.36,0,13,3
743,949620,37.24,0,13,0
744,595000,45.0,0,9,3
745,439000,43.11,0,12,0
746,576200,60.0,0,4,1
747,360185,90.0,0,12,2
748,2850000,128.0,2,1,1
749,669000,40.78,1,10,3
750,414000,34.65,0,4,1
751,537365,62.85,0,11,1
752,489000,30.0,0,6,1
753,699840,64.8,0,11,3
754,748548,69.31,0,11,3
755,589000,41.7,0,9,4
756,1023360,39.36,0,13,3
757,949620,37.24,0,13,0
758,595000,45.0,0,9,3
759,360185,90.0,0,12,2
760,2850000,128.0,2,1,1
761,669000,40.78,1,10,3
762,414000,34.65,0,4,1
763,537365,62.85,0,11,1
764,489000,30.0,0,6,1
765,699840,64.8,0,11,3
766,748548,69.31,0,11,3
767,589000,41.7,0,9,4
768,1023360,39.36,0,13,3
769,949620,37.24,0,13,0
770,595000,45.0,0,9,3
771,549000,55.0,1,0,4
772,360185,90.0,0,12,2
773,2850000,128.0,2,1,1
774,669000,40.78,1,10,3
775,414000,34.65,0,4,1
776,537365,62.85,0,11,1
777,489000,30.0,0,6,1
778,699840,64.8,0,11,3
779,748548,69.31,0,11,3
780,589000,41.7,0,9,4
781,1023360,39.36,0,13,3
782,949620,37.24,0,13,0
783,595000,45.0,0,9,3
784,3076920,139.86,0,13,2
785,628000,46.51,0,7,0
786,360185,90.0,0,12,2
787,2850000,128.0,2,1,1
788,669000,40.78,1,10,3
789,414000,34.65,0,4,1
790,537365,62.85,0,11,1
791,489000,30.0,0,6,1
792,699840,64.8,0,11,3
793,748548,69.31,0,11,3
794,589000,41.7,0,9,4
795,1023360,39.36,0,13,3
796,949620,37.24,0,13,0
797,595000,45.0,0,9,3
798,545409,46.1,1,0,5
799,576200,60.0,0,4,1
800,360185,90.0,0,12,2
801,2850000,128.0,2,1,1
802,669000,40.78,1,10,3
803,414000,34.65,0,4,1
804,537365,62.85,0,11,1
805,489000,30.0,0,6,1
806,699840,64.8,0,11,3
807,748548,69.31,0,11,3
808,589000,41.7,0,9,4
809,1023360,39.36,0,13,3
810,949620,37.24,0,13,0
811,595000,45.0,0,9,3
812,541148,45.86,1,0,5
813,360185,90.0,0,12,2
814,2850000,128.0,2,1,1
815,669000,40.78,1,10,3
816,414000,34.65,0,4,1
817,537365,62.85,0,11,1
818,489000,30.0,0,6,1
819,699840,64.8,0,11,3
820,748548,69.31,0,11,3
821,589000,41.7,0,9,4
822,1023360,39.36,0,13,3
823,949620,37.24,0,13,0
824,595000,45.0,0,9,3
825,584987,51.18,1,0,3
826,360185,90.0,0,12,2
827,2850000,128.0,2,1,1
828,669000,40.78,1,10,3
829,414000,34.65,0,4,1
830,537365,62.85,0,11,1
831,489000,30.0,0,6,1
832,699840,64.8,0,11,3
833,748548,69.31,0,11,3
834,589000,41.7,0,9,4
835,1023360,39.36,0,13,3
836,949620,37.24,0,13,0
837,595000,45.0,0,9,3
838,549000,55.0,1,0,4
839,360185,90.0,0,12,2
840,2850000,128.0,2,1,1
841,669000,40.78,1,10,3
842,414000,34.65,0,4,1
843,537365,62.85,0,11,1
844,489000,30.0,0,6,1
845,699840,64.8,0,11,3
846,748548,69.31,0,11,3
847,589000,41.7,0,9,4
848,1023360,39.36,0,13,3
849,949620,37.24,0,13,0
850,595000,45.0,0,9,3
851,628000,46.51,0,7,0
852,360185,90.0,0,12,2
853,2850000,128.0,2,1,1
854,669000,40.78,1,10,3
855,414000,34.65,0,4,1
856,537365,62.85,0,11,1
857,489000,30.0,0,6,1
858,699840,64.8,0,11,3
859,748548,69.31,0,11,3
860,589000,41.7,0,9,4
861,1023360,39.36,0,13,3
862,949620,37.24,0,13,0
863,595000,45.0,0,9,3
864,848962,71.15,1,0,4
865,360185,90.0,0,12,2
866,2850000,128.0,2,1,1
867,669000,40.78,1,10,3
868,414000,34.65,0,4,1
869,537365,62.85,0,11,1
870,489000,30.0,0,6,1
871,699840,64.8,0,11,3
872,748548,69.31,0,11,3
873,589000,41.7,0,9,4
874,1023360,39.36,0,13,3
875,949620,37.24,0,13,0
876,595000,45.0,0,9,3
877,575000,59.8,0,4,4
878,360185,90.0,0,12,2
879,2850000,128.0,2,1,1
880,669000,40.78,1,10,3
881,414000,34.65,0,4,1
882,537365,62.85,0,11,1
883,489000,30.0,0,6,1
884,699840,64.8,0,11,3
885,748548,69.31,0,11,3
886,589000,41.7,0,9,4
887,1023360,39.36,0,13,3
888,949620,37.24,0,13,0
889,595000,45.0,0,9,3
890,2487730,50.77,2,1,3
891,360185,90.0,0,12,2
892,2850000,128.0,2,1,1
893,669000,40.78,1,10,3
894,414000,34.65,0,4,1
895,537365,62.85,0,11,1
896,489000,30.0,0,6,1
897,699840,64.8,0,11,3
898,748548,69.31,0,11,3
899,589000,41.7,0,9,4
900,1023360,39.36,0,13,3
901,949620,37.24,0,13,0
902,595000,45.0,0,9,3
903,360185,90.0,0,12,2
904,2850000,128.0,2,1,1
905,669000,40.78,1,10,3
906,414000,34.65,0,4,1
907,537365,62.85,0,11,1
908,489000,30.0,0,6,1
909,699840,64.8,0,11,3
910,748548,69.31,0,11,3
911,589000,41.7,0,9,4
912,1023360,39.36,0,13,3
913,949620,37.24,0,13,0
914,595000,45.0,0,9,3
915,360185,90.0,0,12,2
916,2850000,128.0,2,1,1
917,669000,40.78,1,10,3
918,414000,34.65,0,4,1
919,537365,62.85,0,11,1
920,489000,30.0,0,6,1
921,699840,64.8,0,11,3
922,748548,69.31,0,11,3
923,589000,41.7,0,9,4
924,1023360,39.36,0,13,3
925,949620,37.24,0,13,0
926,595000,45.0,0,9,3
927,360185,90.0,0,12,2
928,2850000,128.0,2,1,1
929,669000,40.78,1,10,3
930,414000,34.65,0,4,1
931,537365,62.85,0,11,1
932,489000,30.0,0,6,1
933,699840,64.8,0,11,3
934,748548,69.31,0,11,3
935,589000,41.7,0,9,4
936,1023360,39.36,0,13,3
937,949620,37.24,0,13,0
938,595000,45.0,0,9,3
939,360185,90.0,0,12,2
940,2850000,128.0,2,1,1
941,669000,40.78,1,10,3
942,414000,34.65,0,4,1
943,537365,62.85,0,11,1
944,489000,30.0,0,6,1
945,699840,64.8,0,11,3
946,748548,69.31,0,11,3
947,589000,41.7,0,9,4
948,1023360,39.36,0,13,3
949,949620,37.24,0,13,0
950,595000,45.0,0,9,3
951,360185,90.0,0,12,2
952,2850000,128.0,2,1,1
953,669000,40.78,1,10,3
954,414000,34.65,0,4,1
955,537365,62.85,0,11,1
956,489000,30.0,0,6,1
957,699840,64.8,0,11,3
958,748548,69.31,0,11,3
959,589000,41.7,0,9,4
960,1023360,39.36,0,13,3
961,949620,37.24,0,13,0
962,595000,45.0,0,9,3
963,360185,90.0,0,12,2
964,2850000,128.0,2,1,1
965,669000,40.78,1,10,3
966,414000,34.65,0,4,1
967,537365,62.85,0,11,1
968,489000,30.0,0,6,1
969,699840,64.8,0,11,3
970,748548,69.31,0,11,3
971,589000,41.7,0,9,4
972,1023360,39.36,0,13,3
973,949620,37.24,0,13,0
974,595000,45.0,0,9,3
975,1570868,71.08,0,13,1
976,360185,90.0,0,12,2
977,2850000,128.0,2,1,1
978,669000,40.78,1,10,3
979,414000,34.65,0,4,1
980,537365,62.85,0,11,1
981,489000,30.0,0,6,1
982,699840,64.8,0,11,3
983,748548,69.31,0,11,3
984,589000,41.7,0,9,4
985,1023360,39.36,0,13,3
986,949620,37.24,0,13,0
987,595000,45.0,0,9,3
988,379343,25.85,0,13,3
989,360185,90.0,0,12,2
990,2850000,128.0,2,1,1
991,669000,40.78,1,10,3
992,414000,34.65,0,4,1
993,537365,62.85,0,11,1
994,489000,30.0,0,6,1
995,699840,64.8,0,11,3
996,748548,69.31,0,11,3
997,589000,41.7,0,9,4
998,1023360,39.36,0,13,3
999,949620,37.24,0,13,0
1000,595000,45.0,0,9,3
1001,628000,46.51,0,7,0
1002,360185,90.0,0,12,2
1003,2850000,128.0,2,1,1
1004,669000,40.78,1,10,3
1005,414000,34.65,0,4,1
1006,537365,62.85,0,11,1
1007,489000,30.0,0,6,1
1008,699840,64.8,0,11,3
1009,748548,69.31,0,11,3
1010,589000,41.7,0,9,4
1011,1023360,39.36,0,13,3
1012,949620,37.24,0,13,0
1013,595000,45.0,0,9,3
1014,545409,46.1,1,0,5
1015,360185,90.0,0,12,2
1016,2850000,128.0,2,1,1
1017,669000,40.78,1,10,3
1018,414000,34.65,0,4,1
1019,537365,62.85,0,11,1
1020,489000,30.0,0,6,1
1021,699840,64.8,0,11,3
1022,748548,69.31,0,11,3
1023,589000,41.7,0,9,4
1024,1023360,39.36,0,13,3
1025,949620,37.24,0,13,0
1026,595000,45.0,0,9,3
1027,379343,25.85,0,13,3
1028,360185,90.0,0,12,2
1029,2850000,128.0,2,1,1
1030,669000,40.78,1,10,3
1031,414000,34.65,0,4,1
1032,537365,62.85,0,11,1
1033,489000,30.0,0,6,1
1034,699840,64.8,0,11,3
1035,748548,69.31,0,11,3
1036,589000,41.7,0,9,4
1037,1023360,39.36,0,13,3
1038,949620,37.24,0,13,0
1039,595000,45.0,0,9,3
1040,665200,71.0,0,4,1
1041,360185,90.0,0,12,2
1042,2850000,128.0,2,1,1
1043,669000,40.78,1,10,3
1044,414000,34.65,0,4,1
1045,537365,62.85,0,11,1
1046,489000,30.0,0,6,1
1047,699840,64.8,0,11,3
1048,748548,69.31,0,11,3
1049,589000,41.7,0,9,4
1050,1023360,39.36,0,13,3
1051,949620,37.24,0,13,0
1052,595000,45.0,0,9,3
1053,628000,46.51,0,7,0
1054,360185,90.0,0,12,2
1055,2850000,128.0,2,1,1
1056,669000,40.78,1,10,3
1057,414000,34.65,0,4,1
1058,537365,62.85,0,11,1
1059,489000,30.0,0,6,1
1060,699840,64.8,0,11,3
1061,748548,69.31,0,11,3
1062,589000,41.7,0,9,4
1063,1023360,39.36,0,13,3
1064,949620,37.24,0,13,0
1065,595000,45.0,0,9,3
1066,949000,66.35,0,13,4
1067,360185,90.0,0,12,2
1068,2850000,128.0,2,1,1
1069,669000,40.78,1,10,3
1070,414000,34.65,0,4,1
1071,537365,62.85,0,11,1
1072,489000,30.0,0,6,1
1073,699840,64.8,0,11,3
1074,748548,69.31,0,11,3
1075,589000,41.7,0,9,4
1076,1023360,39.36,0,13,3
1077,949620,37.24,0,13,0
1078,595000,45.0,0,9,3
1079,360185,90.0,0,12,2
1080,2850000,128.0,2,1,1
1081,669000,40.78,1,10,3
1082,414000,34.65,0,4,1
1083,537365,62.85,0,11,1
1084,489000,30.0,0,6,1
1085,699840,64.8,0,11,3
1086,748548,69.31,0,11,3
1087,589000,41.7,0,9,4
1088,1023360,39.36,0,13,3
1089,949620,37.24,0,13,0
1090,595000,45.0,0,9,3
1091,360185,90.0,0,12,2
1092,2850000,128.0,2,1,1
1093,669000,40.78,1,10,3
1094,414000,34.65,0,4,1
1095,537365,62.85,0,11,1
1096,489000,30.0,0,6,1
1097,699840,64.8,0,11,3
1098,748548,69.31,0,11,3
1099,589000,41.7,0,9,4
1100,1023360,39.36,0,13,3
1101,949620,37.24,0,13,0
1102,595000,45.0,0,9,3
1103,549000,55.0,1,0,4
1104,360185,90.0,0,12,2
1105,2850000,128.0,2,1,1
1106,669000,40.78,1,10,3
1107,414000,34.65,0,4,1
1108,537365,62.85,0,11,1
1109,489000,30.0,0,6,1
1110,699840,64.8,0,11,3
1111,748548,69.31,0,11,3
1112,589000,41.7,0,9,4
1113,1023360,39.36,0,13,3
1114,949620,37.24,0,13,0
1115,595000,45.0,0,9,3
1116,2999000,88.0,0,13,6
1117,360185,90.0,0,12,2
1118,2850000,128.0,2,1,1
1119,669000,40.78,1,10,3
1120,414000,34.65,0,4,1
1121,537365,62.85,0,11,1
1122,489000,30.0,0,6,1
1123,699840,64.8,0,11,3
1124,748548,69.31,0,11,3
1125,589000,41.7,0,9,4
1126,1023360,39.36,0,13,3
1127,949620,37.24,0,13,0
1128,595000,45.0,0,9,3
1129,360185,90.0,0,12,2
1130,2850000,128.0,2,1,1
1131,669000,40.78,1,10,3
1132,414000,34.65,0,4,1
1133,537365,62.85,0,11,1
1134,489000,30.0,0,6,1
1135,699840,64.8,0,11,3
1136,748548,69.31,0,11,3
1137,589000,41.7,0,9,4
1138,1023360,39.36,0,13,3
1139,949620,37.24,0,13,0
1140,595000,45.0,0,9,3
1141,360185,90.0,0,12,2
1142,2850000,128.0,2,1,1
1143,669000,40.78,1,10,3
1144,414000,34.65,0,4,1
1145,537365,62.85,0,11,1
1146,489000,30.0,0,6,1
1147,699840,64.8,0,11,3
1148,748548,69.31,0,11,3
1149,589000,41.7,0,9,4
1150,1023360,39.36,0,13,3
1151,949620,37.24,0,13,0
1152,595000,45.0,0,9,3
1153,848962,71.15,1,0,4
1154,360185,90.0,0,12,2
1155,2850000,128.0,2,1,1
1156,669000,40.78,1,10,3
1157,414000,34.65,0,4,1
1158,537365,62.85,0,11,1
1159,489000,30.0,0,6,1
1160,699840,64.8,0,11,3
1161,748548,69.31,0,11,3
1162,589000,41.7,0,9,4
1163,1023360,39.36,0,13,3
1164,949620,37.24,0,13,0
1165,595000,45.0,0,9,3
1166,475488,40.19,1,0,2
1167,360185,90.0,0,12,2
1168,2850000,128.0,2,1,1
1169,669000,40.78,1,10,3
1170,414000,34.65,0,4,1
1171,537365,62.85,0,11,1
1172,489000,30.0,0,6,1
1173,699840,64.8,0,11,3
1174,748548,69.31,0,11,3
1175,589000,41.7,0,9,4
1176,1023360,39.36,0,13,3
1177,949620,37.24,0,13,0
1178,595000,45.0,0,9,3
1179,360185,90.0,0,12,2
1180,2850000,128.0,2,1,1
1181,669000,40.78,1,10,3
1182,414000,34.65,0,4,1
1183,537365,62.85,0,11,1
1184,489000,30.0,0,6,1
1185,699840,64.8,0,11,3
1186,748548,69.31,0,11,3
1187,589000,41.7,0,9,4
1188,1023360,39.36,0,13,3
1189,949620,37.24,0,13,0
1190,595000,45.0,0,9,3
1191,360185,90.0,0,12,2
1192,2850000,128.0,2,1,1
1193,669000,40.78,1,10,3
1194,414000,34.65,0,4,1
1195,537365,62.85,0,11,1
1196,489000,30.0,0,6,1
1197,699840,64.8,0,11,3
1198,748548,69.31,0,11,3
1199,589000,41.7,0,9,4
1200,1023360,39.36,0,13,3
1201,949620,37.24,0,13,0
1202,595000,45.0,0,9,3
1203,475488,40.19,1,0,2
1204,360185,90.0,0,12,2
1205,2850000,128.0,2,1,1
1206,669000,40.78,1,10,3
1207,414000,34.65,0,4,1
1208,537365,62.85,0,11,1
1209,489000,30.0,0,6,1
1210,699840,64.8,0,11,3
1211,748548,69.31,0,11,3
1212,589000,41.7,0,9,4
1213,1023360,39.36,0,13,3
1214,949620,37.24,0,13,0
1215,595000,45.0,0,9,3
1216,379343,25.85,0,13,3
1217,360185,90.0,0,12,2
1218,2850000,128.0,2,1,1
1219,669000,40.78,1,10,3
1220,414000,34.65,0,4,1
1221,537365,62.85,0,11,1
1222,489000,30.0,0,6,1
1223,699840,64.8,0,11,3
1224,748548,69.31,0,11,3
1225,589000,41.7,0,9,4
1226,1023360,39.36,0,13,3
1227,949620,37.24,0,13,0
1228,595000,45.0,0,9,3
1229,360185,90.0,0,12,2
1230,2850000,128.0,2,1,1
1231,669000,40.78,1,10,3
1232,414000,34.65,0,4,1
1233,537365,62.85,0,11,1
1234,489000,30.0,0,6,1
1235,699840,64.8,0,11,3
1236,748548,69.31,0,11,3
1237,589000,41.7,0,9,4
1238,1023360,39.36,0,13,3
1239,949620,37.24,0,13,0
1240,595000,45.0,0,9,3
1241,360185,90.0,0,12,2
1242,2850000,128.0,2,1,1
1243,669000,40.78,1,10,3
1244,414000,34.65,0,4,1
1245,537365,62.85,0,11,1
1246,489000,30.0,0,6,1
1247,699840,64.8,0,11,3
1248,748548,69.31,0,11,3
1249,589000,41.7,0,9,4
1250,1023360,39.36,0,13,3
1251,949620,37.24,0,13,0
1252,595000,45.0,0,9,3
1253,576200,60.0,0,4,1
1254,360185,90.0,0,12,2
1255,2850000,128.0,2,1,1
1256,669000,40.78,1,10,3
1257,414000,34.65,0,4,1
1258,537365,62.85,0,11,1
1259,489000,30.0,0,6,1
1260,699840,64.8,0,11,3
1261,748548,69.31,0,11,3
1262,589000,41.7,0,9,4
1263,1023360,39.36,0,13,3
1264,949620,37.24,0,13,0
1265,595000,45.0,0,9,3
1266,360185,90.0,0,12,2
1267,2850000,128.0,2,1,1
1268,669000,40.78,1,10,3
1269,414000,34.65,0,4,1
1270,537365,62.85,0,11,1
1271,489000,30.0,0,6,1
1272,699840,64.8,0,11,3
1273,748548,69.31,0,11,3
1274,589000,41.7,0,9,4
1275,1023360,39.36,0,13,3
1276,949620,37.24,0,13,0
1277,595000,45.0,0,9,3
1278,628000,46.51,0,7,0
1279,360185,90.0,0,12,2
1280,2850000,128.0,2,1,1
1281,669000,40.78,1,10,3
1282,414000,34.65,0,4,1
1283,537365,62.85,0,11,1
1284,489000,30.0,0,6,1
1285,699840,64.8,0,11,3
1286,748548,69.31,0,11,3
1287,589000,41.7,0,9,4
1288,1023360,39.36,0,13,3
1289,949620,37.24,0,13,0
1290,595000,45.0,0,9,3
1291,360185,90.0,0,12,2
1292,2850000,128.0,2,1,1
1293,669000,40.78,1,10,3
1294,414000,34.65,0,4,1
1295,537365,62.85,0,11,1
1296,489000,30.0,0,6,1
1297,699840,64.8,0,11,3
1298,748548,69.31,0,11,3
1299,589000,41.7,0,9,4
1300,1023360,39.36,0,13,3
1301,949620,37.24,0,13,0
1302,595000,45.0,0,9,3
1303,360185,90.0,0,12,2
1304,2850000,128.0,2,1,1
1305,669000,40.78,1,10,3
1306,414000,34.65,0,4,1
1307,537365,62.85,0,11,1
1308,489000,30.0,0,6,1
1309,699840,64.8,0,11,3
1310,748548,69.31,0,11,3
1311,589000,41.7,0,9,4
1312,1023360,39.36,0,13,3
1313,949620,37.24,0,13,0
1314,595000,45.0,0,9,3
1315,360185,90.0,0,12,2
1316,2850000,128.0,2,1,1
1317,669000,40.78,1,10,3
1318,414000,34.65,0,4,1
1319,537365,62.85,0,11,1
1320,489000,30.0,0,6,1
1321,699840,64.8,0,11,3
1322,748548,69.31,0,11,3
1323,589000,41.7,0,9,4
1324,1023360,39.36,0,13,3
1325,949620,37.24,0,13,0
1326,595000,45.0,0,9,3
1327,576200,60.0,0,4,1
1328,360185,90.0,0,12,2
1329,2850000,128.0,2,1,1
1330,669000,40.78,1,10,3
1331,414000,34.65,0,4,1
1332,537365,62.85,0,11,1
1333,489000,30.0,0,6,1
1334,699840,64.8,0,11,3
1335,748548,69.31,0,11,3
1336,589000,41.7,0,9,4
1337,1023360,39.36,0,13,3
1338,949620,37.24,0,13,0
1339,595000,45.0,0,9,3
1340,1399000,92.0,1,5,0
1341,360185,90.0,0,12,2
1342,2850000,128.0,2,1,1
1343,669000,40.78,1,10,3
1344,414000,34.65,0,4,1
1345,537365,62.85,0,11,1
1346,489000,30.0,0,6,1
1347,699840,64.8,0,11,3
1348,748548,69.31,0,11,3
1349,589000,41.7,0,9,4
1350,1023360,39.36,0,13,3
1351,949620,37.24,0,13,0
1352,595000,45.0,0,9,3
1353,360185,90.0,0,12,2
1354,2850000,128.0,2,1,1
1355,669000,40.78,1,10,3
1356,414000,34.65,0,4,1
1357,537365,62.85,0,11,1
1358,489000,30.0,0,6,1
1359,699840,64.8,0,11,3
1360,748548,69.31,0,11,3
1361,589000,41.7,0,9,4
1362,1023360,39.36,0,13,3
1363,949620,37.24,0,13,0
1364,595000,45.0,0,9,3
1365,360185,90.0,0,12,2
1366,2850000,128.0,2,1,1
1367,669000,40.78,1,10,3
1368,414000,34.65,0,4,1
1369,537365,62.85,0,11,1
1370,489000,30.0,0,6,1
1371,699840,64.8,0,11,3
1372,748548,69.31,0,11,3
1373,589000,41.7,0,9,4
1374,1023360,39.36,0,13,3
1375,949620,37.24,0,13,0
1376,595000,45.0,0,9,3
1377,1725230,82.66,0,13,0
1378,549000,55.0,1,0,4
1379,360185,90.0,0,12,2
1380,2850000,128.0,2,1,1
1381,669000,40.78,1,10,3
1382,414000,34.65,0,4,1
1383,537365,62.85,0,11,1
1384,489000,30.0,0,6,1
1385,699840,64.8,0,11,3
1386,748548,69.31,0,11,3
1387,589000,41.7,0,9,4
1388,1023360,39.36,0,13,3
1389,949620,37.24,0,13,0
1390,595000,45.0,0,9,3
1391,526713,40.72,1,0,6
1392,360185,90.0,0,12,2
1393,2850000,128.0,2,1,1
1394,669000,40.78,1,10,3
1395,414000,34.65,0,4,1
1396,537365,62.85,0,11,1
1397,489000,30.0,0,6,1
1398,699840,64.8,0,11,3
1399,748548,69.31,0,11,3
1400,589000,41.7,0,9,4
1401,1023360,39.36,0,13,3
1402,949620,37.24,0,13,0
1403,595000,45.0,0,9,3
1404,499980,56.5,0,11,1
1405,360185,90.0,0,12,2
1406,2850000,128.0,2,1,1
1407,669000,40.78,1,10,3
1408,414000,34.65,0,4,1
1409,537365,62.85,0,11,1
1410,489000,30.0,0,6,1
1411,699840,64.8,0,11,3
1412,748548,69.31,0,11,3
1413,589000,41.7,0,9,4
1414,1023360,39.36,0,13,3
1415,949620,37.24,0,13,0
1416,595000,45.0,0,9,3
1417,360185,90.0,0,12,2
1418,2850000,128.0,2,1,1
1419,669000,40.78,1,10,3
1420,414000,34.65,0,4,1
1421,537365,62.85,0,11,1
1422,489000,30.0,0,6,1
1423,699840,64.8,0,11,3
1424,748548,69.31,0,11,3
1425,589000,41.7,0,9,4
1426,1023360,39.36,0,13,3
1427,949620,37.24,0,13,0
1428,595000,45.0,0,9,3
1429,890000,51.28,0,8,1
1430,360185,90.0,0,12,2
1431,2850000,128.0,2,1,1
1432,669000,40.78,1,10,3
1433,414000,34.65,0,4,1
1434,537365,62.85,0,11,1
1435,489000,30.0,0,6,1
1436,699840,64.8,0,11,3
1437,748548,69.31,0,11,3
1438,589000,41.7,0,9,4
1439,1023360,39.36,0,13,3
1440,949620,37.24,0,13,0
1441,595000,45.0,0,9,3
1442,2999000,88.0,0,13,6
1443,360185,90.0,0,12,2
1444,2850000,128.0,2,1,1
1445,669000,40.78,1,10,3
1446,414000,34.65,0,4,1
1447,537365,62.85,0,11,1
1448,489000,30.0,0,6,1
1449,699840,64.8,0,11,3
1450,748548,69.31,0,11,3
1451,589000,41.7,0,9,4
1452,1023360,39.36,0,13,3
1453,949620,37.24,0,13,0
1454,595000,45.0,0,9,3
1455,360185,90.0,0,12,2
1456,2850000,128.0,2,1,1
1457,669000,40.78,1,10,3
1458,414000,34.65,0,4,1
1459,537365,62.85,0,11,1
1460,489000,30.0,0,6,1
1461,699840,64.8,0,11,3
1462,748548,69.31,0,11,3
1463,589000,41.7,0,9,4
1464,1023360,39.36,0,13,3
1465,949620,37.24,0,13,0
1466,595000,45.0,0,9,3
1467,499980,56.5,0,11,1
1468,665200,71.0,0,4,1
1469,360185,90.0,0,12,2
1470,2850000,128.0,2,1,1
1471,669000,40.78,1,10,3
1472,414000,34.65,0,4,1
1473,537365,62.85,0,11,1
1474,489000,30.0,0,6,1
1475,699840,64.8,0,11,3
1476,748548,69.31,0,11,3
1477,589000,41.7,0,9,4
1478,1023360,39.36,0,13,3
1479,949620,37.24,0,13,0
1480,595000,45.0,0,9,3
1481,3076920,139.86,0,13,2
1482,2550000,82.03,2,3,2
1483,360185,90.0,0,12,2
1484,2850000,128.0,2,1,1
1485,669000,40.78,1,10,3
1486,414000,34.65,0,4,1
1487,537365,62.85,0,11,1
1488,489000,30.0,0,6,1
1489,699840,64.8,0,11,3
1490,748548,69.31,0,11,3
1491,589000,41.7,0,9,4
1492,1023360,39.36,0,13,3
1493,949620,37.24,0,13,0
1494,595000,45.0,0,9,3
1495,890000,89.9,1,2,3
1496,360185,90.0,0,12,2
1497,2850000,128.0,2,1,1
1498,669000,40.78,1,10,3
1499,414000,34.65,0,4,1
1500,537365,62.85,0,11,1
1501,489000,30.0,0,6,1
1502,699840,64.8,0,11,3
1503,748548,69.31,0,11,3
1504,589000,41.7,0,9,4
1505,1023360,39.36,0,13,3
1506,949620,37.24,0,13,0
1507,595000,45.0,0,9,3
1508,475488,40.19,1,0,2
1509,360185,90.0,0,12,2
1510,2850000,128.0,2,1,1
1511,669000,40.78,1,10,3
1512,414000,34.65,0,4,1
1513,537365,62.85,0,11,1
1514,489000,30.0,0,6,1
1515,699840,64.8,0,11,3
1516,748548,69.31,0,11,3
1517,589000,41.7,0,9,4
1518,1023360,39.36,0,13,3
1519,949620,37.24,0,13,0
1520,595000,45.0,0,9,3
1521,575000,59.8,0,4,4
1522,360185,90.0,0,12,2
1523,2850000,128.0,2,1,1
1524,669000,40.78,1,10,3
1525,414000,34.65,0,4,1
1526,537365,62.85,0,11,1
1527,489000,30.0,0,6,1
1528,699840,64.8,0,11,3
1529,748548,69.31,0,11,3
1530,589000,41.7,0,9,4
1531,1023360,39.36,0,13,3
1532,949620,37.24,0,13,0
1533,595000,45.0,0,9,3
1534,584987,51.18,1,0,3
1535,360185,90.0,0,12,2
1536,2850000,128.0,2,1,1
1537,669000,40.78,1,10,3
1538,414000,34.65,0,4,1
1539,537365,62.85,0,11,1
1540,489000,30.0,0,6,1
1541,699840,64.8,0,11,3
1542,748548,69.31,0,11,3
1543,589000,41.7,0,9,4
1544,1023360,39.36,0,13,3
1545,949620,37.24,0,13,0
1546,595000,45.0,0,9,3
1547,360185,90.0,0,12,2
1548,2850000,128.0,2,1,1
1549,669000,40.78,1,10,3
1550,414000,34.65,0,4,1
1551,537365,62.85,0,11,1
1552,489000,30.0,0,6,1
1553,699840,64.8,0,11,3
1554,748548,69.31,0,11,3
1555,589000,41.7,0,9,4
1556,1023360,39.36,0,13,3
1557,949620,37.24,0,13,0
1558,595000,45.0,0,9,3
1559,360185,90.0,0,12,2
1560,2850000,128.0,2,1,1
1561,669000,40.78,1,10,3
1562,414000,34.65,0,4,1
1563,537365,62.85,0,11,1
1564,489000,30.0,0,6,1
1565,699840,64.8,0,11,3
1566,748548,69.31,0,11,3
1567,589000,41.7,0,9,4
1568,1023360,39.36,0,13,3
1569,949620,37.24,0,13,0
1570,595000,45.0,0,9,3
1571,576200,60.0,0,4,1
1572,360185,90.0,0,12,2
1573,2850000,128.0,2,1,1
1574,669000,40.78,1,10,3
1575,414000,34.65,0,4,1
1576,537365,62.85,0,11,1
1577,489000,30.0,0,6,1
1578,699840,64.8,0,11,3
1579,748548,69.31,0,11,3
1580,589000,41.7,0,9,4
1581,1023360,39.36,0,13,3
1582,949620,37.24,0,13,0
1583,595000,45.0,0,9,3
1584,848962,71.15,1,0,4
1585,360185,90.0,0,12,2
1586,2850000,128.0,2,1,1
1587,669000,40.78,1,10,3
1588,414000,34.65,0,4,1
1589,537365,62.85,0,11,1
1590,489000,30.0,0,6,1
1591,699840,64.8,0,11,3
1592,748548,69.31,0,11,3
1593,589000,41.7,0,9,4
1594,1023360,39.36,0,13,3
1595,949620,37.24,0,13,0
1596,595000,45.0,0,9,3
1597,2999000,88.0,0,13,6
1598,949000,66.35,0,13,4
1599,360185,90.0,0,12,2
1600,2850000,128.0,2,1,1
1601,669000,40.78,1,10,3
1602,414000,34.65,0,4,1
1603,537365,62.85,0,11,1
1604,489000,30.0,0,6,1
1605,699840,64.8,0,11,3
1606,748548,69.31,0,11,3
1607,589000,41.7,0,9,4
1608,1023360,39.36,0,13,3
1609,949620,37.24,0,13,0
1610,595000,45.0,0,9,3
1611,1725230,82.66,0,13,0
1612,1399000,92.0,1,5,0
1613,360185,90.0,0,12,2
1614,2850000,128.0,2,1,1
1615,669000,40.78,1,10,3
1616,414000,34.65,0,4,1
1617,537365,62.85,0,11,1
1618,489000,30.0,0,6,1
1619,699840,64.8,0,11,3
1620,748548,69.31,0,11,3
1621,589000,41.7,0,9,4
1622,1023360,39.36,0,13,3
1623,949620,37.24,0,13,0
1624,595000,45.0,0,9,3
1625,1725230,82.66,0,13,0
1626,360185,90.0,0,12,2
1627,2850000,128.0,2,1,1
1628,669000,40.78,1,10,3
1629,414000,34.65,0,4,1
1630,537365,62.85,0,11,1
1631,489000,30.0,0,6,1
1632,699840,64.8,0,11,3
1633,748548,69.31,0,11,3
1634,589000,41.7,0,9,4
1635,1023360,39.36,0,13,3
1636,949620,37.24,0,13,0
1637,595000,45.0,0,9,3
1638,360185,90.0,0,12,2
1639,2850000,128.0,2,1,1
1640,669000,40.78,1,10,3
1641,414000,34.65,0,4,1
1642,537365,62.85,0,11,1
1643,489000,30.0,0,6,1
1644,699840,64.8,0,11,3
1645,748548,69.31,0,11,3
1646,589000,41.7,0,9,4
1647,1023360,39.36,0,13,3
1648,949620,37.24,0,13,0
1649,595000,45.0,0,9,3
1650,360185,90.0,0,12,2
1651,2850000,128.0,2,1,1
1652,669000,40.78,1,10,3
1653,414000,34.65,0,4,1
1654,537365,62.85,0,11,1
1655,489000,30.0,0,6,1
1656,699840,64.8,0,11,3
1657,748548,69.31,0,11,3
1658,589000,41.7,0,9,4
1659,1023360,39.36,0,13,3
1660,949620,37.24,0,13,0
1661,595000,45.0,0,9,3
1662,360185,90.0,0,12,2
1663,2850000,128.0,2,1,1
1664,669000,40.78,1,10,3
1665,414000,34.65,0,4,1
1666,537365,62.85,0,11,1
1667,489000,30.0,0,6,1
1668,699840,64.8,0,11,3
1669,748548,69.31,0,11,3
1670,589000,41.7,0,9,4
1671,1023360,39.36,0,13,3
1672,949620,37.24,0,13,0
1673,595000,45.0,0,9,3
1674,475488,40.19,1,0,2
1675,360185,90.0,0,12,2
1676,2850000,128.0,2,1,1
1677,669000,40.78,1,10,3
1678,414000,34.65,0,4,1
1679,537365,62.85,0,11,1
1680,489000,30.0,0,6,1
1681,699840,64.8,0,11,3
1682,748548,69.31,0,11,3
1683,589000,41.7,0,9,4
1684,1023360,39.36,0,13,3
1685,949620,37.24,0,13,0
1686,595000,45.0,0,9,3
1687,360185,90.0,0,12,2
1688,2850000,128.0,2,1,1
1689,669000,40.78,1,10,3
1690,414000,34.65,0,4,1
1691,537365,62.85,0,11,1
1692,489000,30.0,0,6,1
1693,699840,64.8,0,11,3
1694,748548,69.31,0,11,3
1695,589000,41.7,0,9,4
1696,1023360,39.36,0,13,3
1697,949620,37.24,0,13,0
1698,595000,45.0,0,9,3
1699,2999000,88.0,0,13,6
1700,360185,90.0,0,12,2
1701,2850000,128.0,2,1,1
1702,669000,40.78,1,10,3
1703,414000,34.65,0,4,1
1704,537365,62.85,0,11,1
1705,489000,30.0,0,6,1
1706,699840,64.8,0,11,3
1707,748548,69.31,0,11,3
1708,589000,41.7,0,9,4
1709,1023360,39.36,0,13,3
1710,949620,37.24,0,13,0
1711,595000,45.0,0,9,3
1712,360185,90.0,0,12,2
1713,2850000,128.0,2,1,1
1714,669000,40.78,1,10,3
1715,414000,34.65,0,4,1
1716,537365,62.85,0,11,1
1717,489000,30.0,0,6,1
1718,699840,64.8,0,11,3
1719,748548,69.31,0,11,3
1720,589000,41.7,0,9,4
1721,1023360,39.36,0,13,3
1722,949620,37.24,0,13,0
1723,595000,45.0,0,9,3
1724,3076920,139.86,0,13,2
1725,360185,90.0,0,12,2
1726,2850000,128.0,2,1,1
1727,669000,40.78,1,10,3
1728,414000,34.65,0,4,1
1729,537365,62.85,0,11,1
1730,489000,30.0,0,6,1
1731,699840,64.8,0,11,3
1732,748548,69.31,0,11,3
1733,589000,41.7,0,9,4
1734,1023360,39.36,0,13,3
1735,949620,37.24,0,13,0
1736,595000,45.0,0,9,3
1737,360185,90.0,0,12,2
1738,2850000,128.0,2,1,1
1739,669000,40.78,1,10,3
1740,414000,34.65,0,4,1
1741,537365,62.85,0,11,1
1742,489000,30.0,0,6,1
1743,699840,64.8,0,11,3
1744,748548,69.31,0,11,3
1745,589000,41.7,0,9,4
1746,1023360,39.36,0,13,3
1747,949620,37.24,0,13,0
1748,595000,45.0,0,9,3
1749,360185,90.0,0,12,2
1750,2850000,128.0,2,1,1
1751,669000,40.78,1,10,3
1752,414000,34.65,0,4,1
1753,537365,62.85,0,11,1
1754,489000,30.0,0,6,1
1755,699840,64.8,0,11,3
1756,748548,69.31,0,11,3
1757,589000,41.7,0,9,4
1758,1023360,39.36,0,13,3
1759,949620,37.24,0,13,0
1760,595000,45.0,0,9,3
1761,360185,90.0,0,12,2
1762,2850000,128.0,2,1,1
1763,669000,40.78,1,10,3
1764,414000,34.65,0,4,1
1765,537365,62.85,0,11,1
1766,489000,30.0,0,6,1
1767,699840,64.8,0,11,3
1768,748548,69.31,0,11,3
1769,589000,41.7,0,9,4
1770,1023360,39.36,0,13,3
1771,949620,37.24,0,13,0
1772,595000,45.0,0,9,3
1773,2999000,88.0,0,13,6
1774,360185,90.0,0,12,2
1775,2850000,128.0,2,1,1
1776,669000,40.78,1,10,3
1777,414000,34.65,0,4,1
1778,537365,62.85,0,11,1
1779,489000,30.0,0,6,1
1780,699840,64.8,0,11,3
1781,748548,69.31,0,11,3
1782,589000,41.7,0,9,4
1783,1023360,39.36,0,13,3
1784,949620,37.24,0,13,0
1785,595000,45.0,0,9,3
1786,360185,90.0,0,12,2
1787,2850000,128.0,2,1,1
1788,669000,40.78,1,10,3
1789,414000,34.65,0,4,1
1790,537365,62.85,0,11,1
1791,489000,30.0,0,6,1
1792,699840,64.8,0,11,3
1793,748548,69.31,0,11,3
1794,589000,41.7,0,9,4
1795,1023360,39.36,0,13,3
1796,949620,37.24,0,13,0
1797,595000,45.0,0,9,3
1798,360185,90.0,0,12,2
1799,2850000,128.0,2,1,1
1800,669000,40.78,1,10,3
1801,414000,34.65,0,4,1
1802,537365,62.85,0,11,1
1803,489000,30.0,0,6,1
1804,699840,64.8,0,11,3
1805,748548,69.31,0,11,3
1806,589000,41.7,0,9,4
1807,1023360,39.36,0,13,3
1808,949620,37.24,0,13,0
1809,595000,45.0,0,9,3
1810,475488,40.19,1,0,2
1811,2487730,50.77,2,1,3
1812,360185,90.0,0,12,2
1813,2850000,128.0,2,1,1
1814,669000,40.78,1,10,3
1815,414000,34.65,0,4,1
1816,537365,62.85,0,11,1
1817,489000,30.0,0,6,1
1818,699840,64.8,0,11,3
1819,748548,69.31,0,11,3
1820,589000,41.7,0,9,4
1821,1023360,39.36,0,13,3
1822,949620,37.24,0,13,0
1823,595000,45.0,0,9,3
1824,360185,90.0,0,12,2
1825,2850000,128.0,2,1,1
1826,669000,40.78,1,10,3
1827,414000,34.65,0,4,1
1828,537365,62.85,0,11,1
1829,489000,30.0,0,6,1
1830,699840,64.8,0,11,3
1831,748548,69.31,0,11,3
1832,589000,41.7,0,9,4
1833,1023360,39.36,0,13,3
1834,949620,37.24,0,13,0
1835,595000,45.0,0,9,3
1836,360185,90.0,0,12,2
1837,2850000,128.0,2,1,1
1838,669000,40.78,1,10,3
1839,414000,34.65,0,4,1
1840,537365,62.85,0,11,1
1841,489000,30.0,0,6,1
1842,699840,64.8,0,11,3
1843,748548,69.31,0,11,3
1844,589000,41.7,0,9,4
1845,1023360,39.36,0,13,3
1846,949620,37.24,0,13,0
1847,595000,45.0,0,9,3
1848,2999000,88.0,0,13,6
1849,360185,90.0,0,12,2
1850,2850000,128.0,2,1,1
1851,669000,40.78,1,10,3
1852,414000,34.65,0,4,1
1853,537365,62.85,0,11,1
1854,489000,30.0,0,6,1
1855,699840,64.8,0,11,3
1856,748548,69.31,0,11,3
1857,589000,41.7,0,9,4
1858,1023360,39.36,0,13,3
1859,949620,37.24,0,13,0
1860,595000,45.0,0,9,3
1861,360185,90.0,0,12,2
1862,2850000,128.0,2,1,1
1863,669000,40.78,1,10,3
1864,414000,34.65,0,4,1
1865,537365,62.85,0,11,1
1866,489000,30.0,0,6,1
1867,699840,64.8,0,11,3
1868,748548,69.31,0,11,3
1869,589000,41.7,0,9,4
1870,1023360,39.36,0,13,3
1871,949620,37.24,0,13,0
1872,595000,45.0,0,9,3
1873,545409,46.1,1,0,5
1874,499980,56.5,0,11,1
1875,360185,90.0,0,12,2
1876,2850000,128.0,2,1,1
1877,669000,40.78,1,10,3
1878,414000,34.65,0,4,1
1879,537365,62.85,0,11,1
1880,489000,30.0,0,6,1
1881,699840,64.8,0,11,3
1882,748548,69.31,0,11,3
1883,589000,41.7,0,9,4
1884,1023360,39.36,0,13,3
1885,949620,37.24,0,13,0
1886,595000,45.0,0,9,3
1887,2999000,88.0,0,13,6
1888,575000,59.8,0,4,4
1889,360185,90.0,0,12,2
1890,2850000,128.0,2,1,1
1891,669000,40.78,1,10,3
1892,414000,34.65,0,4,1
1893,537365,62.85,0,11,1
1894,489000,30.0,0,6,1
1895,699840,64.8,0,11,3
1896,748548,69.31,0,11,3
1897,589000,41.7,0,9,4
1898,1023360,39.36,0,13,3
1899,949620,37.24,0,13,0
1900,595000,45.0,0,9,3
1901,537365,62.85,0,11,1
1902,360185,90.0,0,12,2
1903,2850000,128.0,2,1,1
1904,669000,40.78,1,10,3
1905,414000,34.65,0,4,1
1906,537365,62.85,0,11,1
1907,489000,30.0,0,6,1
1908,699840,64.8,0,11,3
1909,748548,69.31,0,11,3
1910,589000,41.7,0,9,4
1911,1023360,39.36,0,13,3
1912,949620,37.24,0,13,0
1913,595000,45.0,0,9,3
1914,1570868,71.08,0,13,1
1915,360185,90.0,0,12,2
1916,2850000,128.0,2,1,1
1917,669000,40.78,1,10,3
1918,414000,34.65,0,4,1
1919,537365,62.85,0,11,1
1920,489000,30.0,0,6,1
1921,699840,64.8,0,11,3
1922,748548,69.31,0,11,3
1923,589000,41.7,0,9,4
1924,1023360,39.36,0,13,3
1925,949620,37.24,0,13,0
1926,595000,45.0,0,9,3
1927,360185,90.0,0,12,2
1928,2850000,128.0,2,1,1
1929,669000,40.78,1,10,3
1930,414000,34.65,0,4,1
1931,537365,62.85,0,11,1
1932,489000,30.0,0,6,1
1933,699840,64.8,0,11,3
1934,748548,69.31,0,11,3
1935,589000,41.7,0,9,4
1936,1023360,39.36,0,13,3
1937,949620,37.24,0,13,0
1938,595000,45.0,0,9,3
1939,360185,90.0,0,12,2
1940,2850000,128.0,2,1,1
1941,669000,40.78,1,10,3
1942,414000,34.65,0,4,1
1943,537365,62.85,0,11,1
1944,489000,30.0,0,6,1
1945,699840,64.8,0,11,3
1946,748548,69.31,0,11,3
1947,589000,41.7,0,9,4
1948,1023360,39.36,0,13,3
1949,949620,37.24,0,13,0
1950,595000,45.0,0,9,3
1951,360185,90.0,0,12,2
1952,2850000,128.0,2,1,1
1953,669000,40.78,1,10,3
1954,414000,34.65,0,4,1
1955,537365,62.85,0,11,1
1956,489000,30.0,0,6,1
1957,699840,64.8,0,11,3
1958,748548,69.31,0,11,3
1959,589000,41.7,0,9,4
1960,1023360,39.36,0,13,3
1961,949620,37.24,0,13,0
1962,595000,45.0,0,9,3
1963,360185,90.0,0,12,2
1964,2850000,128.0,2,1,1
1965,669000,40.78,1,10,3
1966,414000,34.65,0,4,1
1967,537365,62.85,0,11,1
1968,489000,30.0,0,6,1
1969,699840,64.8,0,11,3
1970,748548,69.31,0,11,3
1971,589000,41.7,0,9,4
1972,1023360,39.36,0,13,3
1973,949620,37.24,0,13,0
1974,595000,45.0,0,9,3
1975,526713,40.72,1,0,6
1976,360185,90.0,0,12,2
1977,2850000,128.0,2,1,1
1978,669000,40.78,1,10,3
1979,414000,34.65,0,4,1
1980,537365,62.85,0,11,1
1981,489000,30.0,0,6,1
1982,699840,64.8,0,11,3
1983,748548,69.31,0,11,3
1984,589000,41.7,0,9,4
1985,1023360,39.36,0,13,3
1986,949620,37.24,0,13,0
1987,595000,45.0,0,9,3
1988,360185,90.0,0,12,2
1989,2850000,128.0,2,1,1
1990,669000,40.78,1,10,3
1991,414000,34.65,0,4,1
1992,537365,62.85,0,11,1
1993,489000,30.0,0,6,1
1994,699840,64.8,0,11,3
1995,748548,69.31,0,11,3
1996,589000,41.7,0,9,4
1997,1023360,39.36,0,13,3
1998,949620,37.24,0,13,0
1999,595000,45.0,0,9,3
2000,2487730,50.77,2,1,3
2001,360185,90.0,0,12,2
2002,2850000,128.0,2,1,1
2003,669000,40.78,1,10,3
2004,414000,34.65,0,4,1
2005,537365,62.85,0,11,1
2006,489000,30.0,0,6,1
2007,699840,64.8,0,11,3
2008,748548,69.31,0,11,3
2009,589000,41.7,0,9,4
2010,1023360,39.36,0,13,3
2011,949620,37.24,0,13,0
2012,595000,45.0,0,9,3
2013,360185,90.0,0,12,2
2014,2850000,128.0,2,1,1
2015,669000,40.78,1,10,3
2016,414000,34.65,0,4,1
2017,537365,62.85,0,11,1
2018,489000,30.0,0,6,1
2019,699840,64.8,0,11,3
2020,748548,69.31,0,11,3
2021,589000,41.7,0,9,4
2022,1023360,39.36,0,13,3
2023,949620,37.24,0,13,0
2024,595000,45.0,0,9,3
2025,526713,40.72,1,0,6
2026,360185,90.0,0,12,2
2027,2850000,128.0,2,1,1
2028,669000,40.78,1,10,3
2029,414000,34.65,0,4,1
2030,537365,62.85,0,11,1
2031,489000,30.0,0,6,1
2032,699840,64.8,0,11,3
2033,748548,69.31,0,11,3
2034,589000,41.7,0,9,4
2035,1023360,39.36,0,13,3
2036,949620,37.24,0,13,0
2037,595000,45.0,0,9,3
2038,360185,90.0,0,12,2
2039,2850000,128.0,2,1,1
2040,669000,40.78,1,10,3
2041,414000,34.65,0,4,1
2042,537365,62.85,0,11,1
2043,489000,30.0,0,6,1
2044,699840,64.8,0,11,3
2045,748548,69.31,0,11,3
2046,589000,41.7,0,9,4
2047,1023360,39.36,0,13,3
2048,949620,37.24,0,13,0
2049,595000,45.0,0,9,3
2050,360185,90.0,0,12,2
2051,2850000,128.0,2,1,1
2052,669000,40.78,1,10,3
2053,414000,34.65,0,4,1
2054,537365,62.85,0,11,1
2055,489000,30.0,0,6,1
2056,699840,64.8,0,11,3
2057,748548,69.31,0,11,3
2058,589000,41.7,0,9,4
2059,1023360,39.36,0,13,3
2060,949620,37.24,0,13,0
2061,595000,45.0,0,9,3
2062,379343,25.85,0,13,3
2063,360185,90.0,0,12,2
2064,2850000,128.0,2,1,1
2065,669000,40.78,1,10,3
2066,414000,34.65,0,4,1
2067,537365,62.85,0,11,1
2068,489000,30.0,0,6,1
2069,699840,64.8,0,11,3
2070,748548,69.31,0,11,3
2071,589000,41.7,0,9,4
2072,1023360,39.36,0,13,3
2073,949620,37.24,0,13,0
2074,595000,45.0,0,9,3
2075,890000,89.9,1,2,3
2076,848962,71.15,1,0,4
2077,360185,90.0,0,12,2
2078,2850000,128.0,2,1,1
2079,669000,40.78,1,10,3
2080,414000,34.65,0,4,1
2081,537365,62.85,0,11,1
2082,489000,30.0,0,6,1
2083,699840,64.8,0,11,3
2084,748548,69.31,0,11,3
2085,589000,41.7,0,9,4
2086,1023360,39.36,0,13,3
2087,949620,37.24,0,13,0
2088,595000,45.0,0,9,3
2089,1399000,92.0,1,5,0
2090,360185,90.0,0,12,2
2091,2850000,128.0,2,1,1
2092,669000,40.78,1,10,3
2093,414000,34.65,0,4,1
2094,537365,62.85,0,11,1
2095,489000,30.0,0,6,1
2096,699840,64.8,0,11,3
2097,748548,69.31,0,11,3
2098,589000,41.7,0,9,4
2099,1023360,39.36,0,13,3
2100,949620,37.24,0,13,0
2101,595000,45.0,0,9,3
2102,360185,90.0,0,12,2
2103,2850000,128.0,2,1,1
2104,669000,40.78,1,10,3
2105,414000,34.65,0,4,1
2106,537365,62.85,0,11,1
2107,489000,30.0,0,6,1
2108,699840,64.8,0,11,3
2109,748548,69.31,0,11,3
2110,589000,41.7,0,9,4
2111,1023360,39.36,0,13,3
2112,949620,37.24,0,13,0
2113,595000,45.0,0,9,3
2114,360185,90.0,0,12,2
2115,2850000,128.0,2,1,1
2116,669000,40.78,1,10,3
2117,414000,34.65,0,4,1
2118,537365,62.85,0,11,1
2119,489000,30.0,0,6,1
2120,699840,64.8,0,11,3
2121,748548,69.31,0,11,3
2122,589000,41.7,0,9,4
2123,1023360,39.36,0,13,3
2124,949620,37.24,0,13,0
2125,595000,45.0,0,9,3
2126,2550000,82.03,2,3,2
2127,360185,90.0,0,12,2
2128,2850000,128.0,2,1,1
2129,669000,40.78,1,10,3
2130,414000,34.65,0,4,1
2131,537365,62.85,0,11,1
2132,489000,30.0,0,6,1
2133,699840,64.8,0,11,3
2134,748548,69.31,0,11,3
2135,589000,41.7,0,9,4
2136,1023360,39.36,0,13,3
2137,949620,37.24,0,13,0
2138,595000,45.0,0,9,3
2139,3076920,139.86,0,13,2
2140,360185,90.0,0,12,2
2141,2850000,128.0,2,1,1
2142,669000,40.78,1,10,3
2143,414000,34.65,0,4,1
2144,537365,62.85,0,11,1
2145,489000,30.0,0,6,1
2146,699840,64.8,0,11,3
2147,748548,69.31,0,11,3
2148,589000,41.7,0,9,4
2149,1023360,39.36,0,13,3
2150,949620,37.24,0,13,0
2151,595000,45.0,0,9,3
2152,576200,60.0,0,4,1
2153,360185,90.0,0,12,2
2154,2850000,128.0,2,1,1
2155,669000,40.78,1,10,3
2156,414000,34.65,0,4,1
2157,537365,62.85,0,11,1
2158,489000,30.0,0,6,1
2159,699840,64.8,0,11,3
2160,748548,69.31,0,11,3
2161,589000,41.7,0,9,4
2162,1023360,39.36,0,13,3
2163,949620,37.24,0,13,0
2164,595000,45.0,0,9,3
2165,360185,90.0,0,12,2
2166,2850000,128.0,2,1,1
2167,669000,40.78,1,10,3
2168,414000,34.65,0,4,1
2169,537365,62.85,0,11,1
2170,489000,30.0,0,6,1
2171,699840,64.8,0,11,3
2172,748548,69.31,0,11,3
2173,589000,41.7,0,9,4
2174,1023360,39.36,0,13,3
2175,949620,37.24,0,13,0
2176,595000,45.0,0,9,3
2177,360185,90.0,0,12,2
2178,2850000,128.0,2,1,1
2179,669000,40.78,1,10,3
2180,414000,34.65,0,4,1
2181,537365,62.85,0,11,1
2182,489000,30.0,0,6,1
2183,699840,64.8,0,11,3
2184,748548,69.31,0,11,3
2185,589000,41.7,0,9,4
2186,1023360,39.36,0,13,3
2187,949620,37.24,0,13,0
2188,595000,45.0,0,9,3
2189,2550000,82.03,2,3,2
2190,360185,90.0,0,12,2
2191,2850000,128.0,2,1,1
2192,669000,40.78,1,10,3
2193,414000,34.65,0,4,1
2194,537365,62.85,0,11,1
2195,489000,30.0,0,6,1
2196,699840,64.8,0,11,3
2197,748548,69.31,0,11,3
2198,589000,41.7,0,9,4
2199,1023360,39.36,0,13,3
2200,949620,37.24,0,13,0
2201,595000,45.0,0,9,3
2202,584987,51.18,1,0,3
2203,360185,90.0,0,12,2
2204,2850000,128.0,2,1,1
2205,669000,40.78,1,10,3
2206,414000,34.65,0,4,1
2207,537365,62.85,0,11,1
2208,489000,30.0,0,6,1
2209,699840,64.8,0,11,3
2210,748548,69.31,0,11,3
2211,589000,41.7,0,9,4
2212,1023360,39.36,0,13,3
2213,949620,37.24,0,13,0
2214,595000,45.0,0,9,3
2215,360185,90.0,0,12,2
2216,2850000,128.0,2,1,1
2217,669000,40.78,1,10,3
2218,414000,34.65,0,4,1
2219,537365,62.85,0,11,1
2220,489000,30.0,0,6,1
2221,699840,64.8,0,11,3
2222,748548,69.31,0,11,3
2223,589000,41.7,0,9,4
2224,1023360,39.36,0,13,3
2225,949620,37.24,0,13,0
2226,595000,45.0,0,9,3
